{
  "accuracy": 0.6961363636363637,
  "classification_report": {
    "0": {
      "precision": 0.6325115562403698,
      "recall": 0.7463636363636363,
      "f1-score": 0.6847372810675563,
      "support": 2200.0
    },
    "1": {
      "precision": 0.6520376175548589,
      "recall": 0.28363636363636363,
      "f1-score": 0.39531200506810266,
      "support": 2200.0
    },
    "2": {
      "precision": 0.8295397066262014,
      "recall": 0.7454545454545455,
      "f1-score": 0.7852525736174287,
      "support": 2200.0
    },
    "3": {
      "precision": 0.757479601087942,
      "recall": 0.7595454545454545,
      "f1-score": 0.7585111211983658,
      "support": 2200.0
    },
    "4": {
      "precision": 0.748062015503876,
      "recall": 0.7018181818181818,
      "f1-score": 0.724202626641651,
      "support": 2200.0
    },
    "5": {
      "precision": 0.5476653696498055,
      "recall": 0.7677272727272727,
      "f1-score": 0.6392884178652536,
      "support": 2200.0
    },
    "6": {
      "precision": 0.6368485843249897,
      "recall": 0.7054545454545454,
      "f1-score": 0.6693983178779384,
      "support": 2200.0
    },
    "7": {
      "precision": 0.6623948738486184,
      "recall": 0.7518181818181818,
      "f1-score": 0.7042793272301469,
      "support": 2200.0
    },
    "8": {
      "precision": 0.8268072289156626,
      "recall": 0.7486363636363637,
      "f1-score": 0.7857824427480916,
      "support": 2200.0
    },
    "9": {
      "precision": 0.754337899543379,
      "recall": 0.7509090909090909,
      "f1-score": 0.752619589977221,
      "support": 2200.0
    },
    "accuracy": 0.6961363636363637,
    "macro avg": {
      "precision": 0.7047684453295704,
      "recall": 0.6961363636363637,
      "f1-score": 0.6899383703291756,
      "support": 22000.0
    },
    "weighted avg": {
      "precision": 0.7047684453295703,
      "recall": 0.6961363636363637,
      "f1-score": 0.6899383703291756,
      "support": 22000.0
    }
  }
}